{
  "$schema": "https://schema.management.azure.com/schemas/2019-04-01/deploymentTemplate.json#",
  "contentVersion": "1.0.0.0",
  "metadata": {
    "author": "IONIX",
    "comments": "Solution template for IONIX"
  },
  "parameters": {
    "location": {
      "type": "string",
      "minLength": 1,
      "defaultValue": "[resourceGroup().location]",
      "metadata": {
        "description": "Not used, but needed to pass arm-ttk test `Location-Should-Not-Be-Hardcoded`.  We instead use the `workspace-location` which is derived from the LA workspace"
      }
    },
    "workspace-location": {
      "type": "string",
      "defaultValue": "",
      "metadata": {
        "description": "[concat('Region to deploy solution resources -- separate from location selection',parameters('location'))]"
      }
    },
    "workspace": {
      "defaultValue": "",
      "type": "string",
      "metadata": {
        "description": "Workspace name for Log Analytics where Microsoft Sentinel is setup"
      }
    },
    "workbook1-name": {
      "type": "string",
      "defaultValue": "IONIX Overview",
      "minLength": 1,
      "metadata": {
        "description": "Name for the workbook"
      }
    }
  },
  "variables": {
    "_solutionName": "IONIX",
    "_solutionVersion": "3.0.0",
    "solutionId": "cyberpion1597832716616.cyberpion_mss",
    "_solutionId": "[variables('solutionId')]",
    "uiConfigId1": "CyberpionSecurityLogs",
    "_uiConfigId1": "[variables('uiConfigId1')]",
    "dataConnectorContentId1": "CyberpionSecurityLogs",
    "_dataConnectorContentId1": "[variables('dataConnectorContentId1')]",
    "dataConnectorId1": "[extensionResourceId(resourceId('Microsoft.OperationalInsights/workspaces', parameters('workspace')), 'Microsoft.SecurityInsights/dataConnectors', variables('_dataConnectorContentId1'))]",
    "_dataConnectorId1": "[variables('dataConnectorId1')]",
    "dataConnectorTemplateSpecName1": "[concat(parameters('workspace'),'/Microsoft.SecurityInsights/',concat(parameters('workspace'),'-dc-',uniquestring(variables('_dataConnectorContentId1'))))]",
    "dataConnectorVersion1": "1.1.0",
    "dataConnectorcontentProductId1": "[concat(take(variables('_solutionId'),50),'-','dc','-', uniqueString(concat(variables('_solutionId'),'-','DataConnector','-',variables('_dataConnectorContentId1'),'-', variables('dataConnectorVersion1'))))]",
    "_dataConnectorcontentProductId1": "[variables('dataConnectorcontentProductId1')]",
    "analyticRuleVersion1": "1.0.1",
    "analyticRulecontentId1": "8e0403b1-07f8-4865-b2e9-74d1e83200a4",
    "_analyticRulecontentId1": "[variables('analyticRulecontentId1')]",
    "analyticRuleId1": "[resourceId('Microsoft.SecurityInsights/AlertRuleTemplates', variables('analyticRulecontentId1'))]",
    "analyticRuleTemplateSpecName1": "[concat(parameters('workspace'),'/Microsoft.SecurityInsights/',concat(parameters('workspace'),'-ar-',uniquestring(variables('_analyticRulecontentId1'))))]",
    "analyticRulecontentProductId1": "[concat(take(variables('_solutionId'),50),'-','ar','-', uniqueString(concat(variables('_solutionId'),'-','AnalyticsRule','-',variables('_analyticRulecontentId1'),'-', variables('analyticRuleVersion1'))))]",
    "_analyticRulecontentProductId1": "[variables('analyticRulecontentProductId1')]",
    "workbookVersion1": "1.1.0",
    "workbookContentId1": "CyberpionOverviewWorkbook",
    "workbookId1": "[resourceId('Microsoft.Insights/workbooks', variables('workbookContentId1'))]",
    "workbookTemplateSpecName1": "[concat(parameters('workspace'),'/Microsoft.SecurityInsights/',concat(parameters('workspace'),'-wb-',uniquestring(variables('_workbookContentId1'))))]",
    "_workbookContentId1": "[variables('workbookContentId1')]",
    "workspaceResourceId": "[resourceId('microsoft.OperationalInsights/Workspaces', parameters('workspace'))]",
    "workbookcontentProductId1": "[concat(take(variables('_solutionId'),50),'-','wb','-', uniqueString(concat(variables('_solutionId'),'-','Workbook','-',variables('_workbookContentId1'),'-', variables('workbookVersion1'))))]",
    "_workbookcontentProductId1": "[variables('workbookcontentProductId1')]",
    "solutioncontentProductId": "[concat(take(variables('_solutionId'),50),'-','sl','-', uniqueString(concat(variables('_solutionId'),'-','Solution','-',variables('_solutionId'),'-', variables('_solutionVersion'))))]",
    "_solutioncontentProductId": "[variables('solutioncontentProductId')]"
  },
  "resources": [
    {
      "type": "Microsoft.OperationalInsights/workspaces/providers/contentTemplates",
      "apiVersion": "2023-04-01-preview",
      "name": "[variables('dataConnectorTemplateSpecName1')]",
      "location": "[parameters('workspace-location')]",
      "dependsOn": [
        "[extensionResourceId(resourceId('Microsoft.OperationalInsights/workspaces', parameters('workspace')), 'Microsoft.SecurityInsights/contentPackages', variables('_solutionId'))]"
      ],
      "properties": {
        "description": "IONIX data connector with template version 3.0.0",
        "mainTemplate": {
          "$schema": "https://schema.management.azure.com/schemas/2019-04-01/deploymentTemplate.json#",
          "contentVersion": "[variables('dataConnectorVersion1')]",
          "parameters": {},
          "variables": {},
          "resources": [
            {
              "name": "[concat(parameters('workspace'),'/Microsoft.SecurityInsights/',variables('_dataConnectorContentId1'))]",
              "apiVersion": "2021-03-01-preview",
              "type": "Microsoft.OperationalInsights/workspaces/providers/dataConnectors",
              "location": "[parameters('workspace-location')]",
              "kind": "GenericUI",
              "properties": {
                "connectorUiConfig": {
                  "id": "[variables('_uiConfigId1')]",
                  "title": "IONIX Security Logs",
                  "publisher": "IONIX",
                  "descriptionMarkdown": "The IONIX Security Logs data connector, ingests logs from the IONIX system directly into Sentinel. The connector allows users to visualize their data, create alerts and incidents and improve security investigations.",
                  "graphQueries": [
                    {
                      "metricName": "Total data received",
                      "legend": "CyberpionActionItems_CL",
                      "baseQuery": "CyberpionActionItems_CL"
                    }
                  ],
                  "sampleQueries": [
                    {
                      "description": "Fetch latest Action Items that are currently open",
                      "query": "let lookbackTime = 14d;\nlet maxTimeGeneratedBucket = toscalar(\n   CyberpionActionItems_CL \n   | where TimeGenerated > ago(lookbackTime)\n   | summarize max(bin(TimeGenerated, 1h))\n   );\nCyberpionActionItems_CL\n | where TimeGenerated > ago(lookbackTime) and is_open_b == true\n | where bin(TimeGenerated, 1h) == maxTimeGeneratedBucket\n "
                    }
                  ],
                  "dataTypes": [
                    {
                      "name": "CyberpionActionItems_CL",
                      "lastDataReceivedQuery": "CyberpionActionItems_CL\n            | summarize Time = max(TimeGenerated)\n            | where isnotempty(Time)"
                    }
                  ],
                  "connectivityCriterias": [
                    {
                      "type": "IsConnectedQuery",
                      "value": [
                        "CyberpionActionItems_CL\n            | summarize LastLogReceived = max(TimeGenerated)\n            | project IsConnected = LastLogReceived > ago(30d)"
                      ]
                    }
                  ],
                  "availability": {
                    "status": 1,
                    "isPreview": false
                  },
                  "permissions": {
                    "resourceProvider": [
                      {
                        "provider": "Microsoft.OperationalInsights/workspaces",
                        "permissionsDisplayText": "read and write permissions are required.",
                        "providerDisplayName": "Workspace",
                        "scope": "Workspace",
                        "requiredPermissions": {
                          "write": true,
                          "read": true,
                          "delete": true
                        }
                      },
                      {
                        "provider": "Microsoft.OperationalInsights/workspaces/sharedKeys",
                        "permissionsDisplayText": "read permissions to shared keys for the workspace are required. [See the documentation to learn more about workspace keys](https://docs.microsoft.com/azure/azure-monitor/platform/agent-windows#obtain-workspace-id-and-key).",
                        "providerDisplayName": "Keys",
                        "scope": "Workspace",
                        "requiredPermissions": {
                          "action": true
                        }
                      }
                    ],
                    "customs": [
                      {
                        "name": "IONIX Subscription",
                        "description": "a subscription and account is required for IONIX logs. [One can be acquired here.](https://azuremarketplace.microsoft.com/en/marketplace/apps/cyberpion1597832716616.cyberpion)"
                      }
                    ]
                  },
                  "instructionSteps": [
                    {
                      "description": "Follow the [instructions](https://www.ionix.io/integrations/azure-sentinel/) to integrate IONIX Security Alerts into Sentinel.",
                      "instructions": [
                        {
                          "parameters": {
                            "fillWith": [
                              "WorkspaceId"
                            ],
                            "label": "Workspace ID"
                          },
                          "type": "CopyableLabel"
                        },
                        {
                          "parameters": {
                            "fillWith": [
                              "PrimaryKey"
                            ],
                            "label": "Primary Key"
                          },
                          "type": "CopyableLabel"
                        }
                      ]
                    }
                  ]
                }
              }
            },
            {
              "type": "Microsoft.OperationalInsights/workspaces/providers/metadata",
              "apiVersion": "2023-04-01-preview",
              "name": "[concat(parameters('workspace'),'/Microsoft.SecurityInsights/',concat('DataConnector-', last(split(variables('_dataConnectorId1'),'/'))))]",
              "properties": {
                "parentId": "[extensionResourceId(resourceId('Microsoft.OperationalInsights/workspaces', parameters('workspace')), 'Microsoft.SecurityInsights/dataConnectors', variables('_dataConnectorContentId1'))]",
                "contentId": "[variables('_dataConnectorContentId1')]",
                "kind": "DataConnector",
                "version": "[variables('dataConnectorVersion1')]",
                "source": {
                  "kind": "Solution",
                  "name": "IONIX",
                  "sourceId": "[variables('_solutionId')]"
                },
                "author": {
                  "name": "IONIX"
                },
                "support": {
                  "name": "IONIX",
                  "email": "support@ionix.io",
                  "tier": "Partner",
                  "link": "https://www.ionix.io/contact-us/"
                }
              }
            }
          ]
        },
        "packageKind": "Solution",
        "packageVersion": "[variables('_solutionVersion')]",
        "packageName": "[variables('_solutionName')]",
        "packageId": "[variables('_solutionId')]",
        "contentSchemaVersion": "3.0.0",
        "contentId": "[variables('_dataConnectorContentId1')]",
        "contentKind": "DataConnector",
        "displayName": "IONIX Security Logs",
        "contentProductId": "[variables('_dataConnectorcontentProductId1')]",
        "id": "[variables('_dataConnectorcontentProductId1')]",
        "version": "[variables('dataConnectorVersion1')]"
      }
    },
    {
      "type": "Microsoft.OperationalInsights/workspaces/providers/metadata",
      "apiVersion": "2023-04-01-preview",
      "name": "[concat(parameters('workspace'),'/Microsoft.SecurityInsights/',concat('DataConnector-', last(split(variables('_dataConnectorId1'),'/'))))]",
      "dependsOn": [
        "[variables('_dataConnectorId1')]"
      ],
      "location": "[parameters('workspace-location')]",
      "properties": {
        "parentId": "[extensionResourceId(resourceId('Microsoft.OperationalInsights/workspaces', parameters('workspace')), 'Microsoft.SecurityInsights/dataConnectors', variables('_dataConnectorContentId1'))]",
        "contentId": "[variables('_dataConnectorContentId1')]",
        "kind": "DataConnector",
        "version": "[variables('dataConnectorVersion1')]",
        "source": {
          "kind": "Solution",
          "name": "IONIX",
          "sourceId": "[variables('_solutionId')]"
        },
        "author": {
          "name": "IONIX"
        },
        "support": {
          "name": "IONIX",
          "email": "support@ionix.io",
          "tier": "Partner",
          "link": "https://www.ionix.io/contact-us/"
        }
      }
    },
    {
      "name": "[concat(parameters('workspace'),'/Microsoft.SecurityInsights/',variables('_dataConnectorContentId1'))]",
      "apiVersion": "2021-03-01-preview",
      "type": "Microsoft.OperationalInsights/workspaces/providers/dataConnectors",
      "location": "[parameters('workspace-location')]",
      "kind": "GenericUI",
      "properties": {
        "connectorUiConfig": {
          "title": "IONIX Security Logs",
          "publisher": "IONIX",
          "descriptionMarkdown": "The IONIX Security Logs data connector, ingests logs from the IONIX system directly into Sentinel. The connector allows users to visualize their data, create alerts and incidents and improve security investigations.",
          "graphQueries": [
            {
              "metricName": "Total data received",
              "legend": "CyberpionActionItems_CL",
              "baseQuery": "CyberpionActionItems_CL"
            }
          ],
          "dataTypes": [
            {
              "name": "CyberpionActionItems_CL",
              "lastDataReceivedQuery": "CyberpionActionItems_CL\n            | summarize Time = max(TimeGenerated)\n            | where isnotempty(Time)"
            }
          ],
          "connectivityCriterias": [
            {
              "type": "IsConnectedQuery",
              "value": [
                "CyberpionActionItems_CL\n            | summarize LastLogReceived = max(TimeGenerated)\n            | project IsConnected = LastLogReceived > ago(30d)"
              ]
            }
          ],
          "sampleQueries": [
            {
              "description": "Fetch latest Action Items that are currently open",
              "query": "let lookbackTime = 14d;\nlet maxTimeGeneratedBucket = toscalar(\n   CyberpionActionItems_CL \n   | where TimeGenerated > ago(lookbackTime)\n   | summarize max(bin(TimeGenerated, 1h))\n   );\nCyberpionActionItems_CL\n | where TimeGenerated > ago(lookbackTime) and is_open_b == true\n | where bin(TimeGenerated, 1h) == maxTimeGeneratedBucket\n "
            }
          ],
          "availability": {
            "status": 1,
            "isPreview": false
          },
          "permissions": {
            "resourceProvider": [
              {
                "provider": "Microsoft.OperationalInsights/workspaces",
                "permissionsDisplayText": "read and write permissions are required.",
                "providerDisplayName": "Workspace",
                "scope": "Workspace",
                "requiredPermissions": {
                  "write": true,
                  "read": true,
                  "delete": true
                }
              },
              {
                "provider": "Microsoft.OperationalInsights/workspaces/sharedKeys",
                "permissionsDisplayText": "read permissions to shared keys for the workspace are required. [See the documentation to learn more about workspace keys](https://docs.microsoft.com/azure/azure-monitor/platform/agent-windows#obtain-workspace-id-and-key).",
                "providerDisplayName": "Keys",
                "scope": "Workspace",
                "requiredPermissions": {
                  "action": true
                }
              }
            ],
            "customs": [
              {
                "name": "IONIX Subscription",
                "description": "a subscription and account is required for IONIX logs. [One can be acquired here.](https://azuremarketplace.microsoft.com/en/marketplace/apps/cyberpion1597832716616.cyberpion)"
              }
            ]
          },
          "instructionSteps": [
            {
              "description": "Follow the [instructions](https://www.ionix.io/integrations/azure-sentinel/) to integrate IONIX Security Alerts into Sentinel.",
              "instructions": [
                {
                  "parameters": {
                    "fillWith": [
                      "WorkspaceId"
                    ],
                    "label": "Workspace ID"
                  },
                  "type": "CopyableLabel"
                },
                {
                  "parameters": {
                    "fillWith": [
                      "PrimaryKey"
                    ],
                    "label": "Primary Key"
                  },
                  "type": "CopyableLabel"
                }
              ]
            }
          ],
          "id": "[variables('_uiConfigId1')]"
        }
      }
    },
    {
      "type": "Microsoft.OperationalInsights/workspaces/providers/contentTemplates",
      "apiVersion": "2023-04-01-preview",
      "name": "[variables('analyticRuleTemplateSpecName1')]",
      "location": "[parameters('workspace-location')]",
      "dependsOn": [
        "[extensionResourceId(resourceId('Microsoft.OperationalInsights/workspaces', parameters('workspace')), 'Microsoft.SecurityInsights/contentPackages', variables('_solutionId'))]"
      ],
      "properties": {
        "description": "HighUrgencyActionItems_AnalyticalRules Analytics Rule with template version 3.0.0",
        "mainTemplate": {
          "$schema": "https://schema.management.azure.com/schemas/2019-04-01/deploymentTemplate.json#",
          "contentVersion": "[variables('analyticRuleVersion1')]",
          "parameters": {},
          "variables": {},
          "resources": [
            {
              "type": "Microsoft.SecurityInsights/AlertRuleTemplates",
              "name": "[variables('analyticRulecontentId1')]",
              "apiVersion": "2022-04-01-preview",
              "kind": "Scheduled",
              "location": "[parameters('workspace-location')]",
              "properties": {
                "description": "This query creates an alert for active IONIX Action Items with high urgency (9-10).\n Urgency can be altered using the \"min_urgency\" variable in the query.",
                "displayName": "High Urgency IONIX Action Items",
                "enabled": false,
                "query": "let timeframe = 14d;\nlet time_generated_bucket = 1h;\nlet min_urgency = 9;\nlet maxTimeGeneratedBucket = toscalar(\n   CyberpionActionItems_CL\n   | where TimeGenerated > ago(timeframe)\n   | summarize max(bin(TimeGenerated, time_generated_bucket))\n   );\nCyberpionActionItems_CL\n | where TimeGenerated > ago(timeframe) and is_open_b == true\n | where bin(TimeGenerated, time_generated_bucket) == maxTimeGeneratedBucket\n | where urgency_d >= min_urgency\n | extend timestamp = opening_datetime_t\n | extend DNSCustomEntity = host_s\n",
                "queryFrequency": "P1D",
                "queryPeriod": "P14D",
                "severity": "High",
                "suppressionDuration": "PT1H",
                "suppressionEnabled": false,
                "triggerOperator": "GreaterThan",
                "triggerThreshold": 0,
                "status": "Available",
                "requiredDataConnectors": [
                  {
                    "connectorId": "CyberpionSecurityLogs",
                    "dataTypes": [
                      "CyberpionActionItems_CL"
                    ]
                  }
                ],
                "tactics": [
                  "InitialAccess"
                ],
                "techniques": [
                  "T1190",
                  "T1195"
                ],
                "entityMappings": [
                  {
                    "entityType": "DNS",
                    "fieldMappings": [
                      {
                        "identifier": "DomainName",
                        "columnName": "DNSCustomEntity"
                      }
                    ]
                  }
                ]
              }
            },
            {
              "type": "Microsoft.OperationalInsights/workspaces/providers/metadata",
              "apiVersion": "2022-01-01-preview",
              "name": "[concat(parameters('workspace'),'/Microsoft.SecurityInsights/',concat('AnalyticsRule-', last(split(variables('analyticRuleId1'),'/'))))]",
              "properties": {
                "description": "IONIX Analytics Rule 1",
                "parentId": "[variables('analyticRuleId1')]",
                "contentId": "[variables('_analyticRulecontentId1')]",
                "kind": "AnalyticsRule",
                "version": "[variables('analyticRuleVersion1')]",
                "source": {
                  "kind": "Solution",
                  "name": "IONIX",
                  "sourceId": "[variables('_solutionId')]"
                },
                "author": {
                  "name": "IONIX"
                },
                "support": {
                  "name": "IONIX",
                  "email": "support@ionix.io",
                  "tier": "Partner",
                  "link": "https://www.ionix.io/contact-us/"
                }
              }
            }
          ]
        },
        "packageKind": "Solution",
        "packageVersion": "[variables('_solutionVersion')]",
        "packageName": "[variables('_solutionName')]",
        "packageId": "[variables('_solutionId')]",
        "contentSchemaVersion": "3.0.0",
        "contentId": "[variables('_analyticRulecontentId1')]",
        "contentKind": "AnalyticsRule",
        "displayName": "High Urgency IONIX Action Items",
        "contentProductId": "[variables('_analyticRulecontentProductId1')]",
        "id": "[variables('_analyticRulecontentProductId1')]",
        "version": "[variables('analyticRuleVersion1')]"
      }
    },
    {
      "type": "Microsoft.OperationalInsights/workspaces/providers/contentTemplates",
      "apiVersion": "2023-04-01-preview",
      "name": "[variables('workbookTemplateSpecName1')]",
      "location": "[parameters('workspace-location')]",
      "dependsOn": [
        "[extensionResourceId(resourceId('Microsoft.OperationalInsights/workspaces', parameters('workspace')), 'Microsoft.SecurityInsights/contentPackages', variables('_solutionId'))]"
      ],
      "properties": {
        "description": "IONIXOverviewWorkbookWorkbook Workbook with template version 3.0.0",
        "mainTemplate": {
          "$schema": "https://schema.management.azure.com/schemas/2019-04-01/deploymentTemplate.json#",
          "contentVersion": "[variables('workbookVersion1')]",
          "parameters": {},
          "variables": {},
          "resources": [
            {
              "type": "Microsoft.Insights/workbooks",
              "name": "[variables('workbookContentId1')]",
              "location": "[parameters('workspace-location')]",
              "kind": "shared",
              "apiVersion": "2021-08-01",
              "metadata": {
                "description": ""
              },
              "properties": {
                "displayName": "[parameters('workbook1-name')]",
                "serializedData": "{\"version\":\"Notebook/1.0\",\"items\":[{\"type\":1,\"content\":{\"json\":\"## IONIX Action Items\"},\"name\":\"text - 2\"},{\"type\":12,\"content\":{\"version\":\"NotebookGroup/1.0\",\"groupType\":\"editable\",\"title\":\"Current Open Action Items\",\"expandable\":true,\"expanded\":true,\"items\":[{\"type\":3,\"content\":{\"version\":\"KqlItem/1.0\",\"query\":\"let lookbackTime = 14d;\\nlet bucketTimeSpan = 1h;\\nlet maxTimeGeneratedBucket = toscalar(CyberpionActionItems_CL | where TimeGenerated > ago(lookbackTime)| summarize max(bin(TimeGenerated, bucketTimeSpan)));\\nCyberpionActionItems_CL\\n | where TimeGenerated > ago(lookbackTime) and is_open_b == true\\n | extend TimeGeneratedBucket = bin(TimeGenerated, bucketTimeSpan)\\n | where TimeGeneratedBucket == maxTimeGeneratedBucket\\n | summarize count() by Category\\n | render barchart\\n\\n\",\"size\":0,\"title\":\"Action Items by Category\",\"queryType\":0,\"resourceType\":\"microsoft.operationalinsights/workspaces\"},\"name\":\"action-items-by-category\"},{\"type\":3,\"content\":{\"version\":\"KqlItem/1.0\",\"query\":\"let lookbackTime = 14d;\\nlet bucketTimeSpan = 1h;\\nlet maxTimeGeneratedBucket = toscalar(CyberpionActionItems_CL | where TimeGenerated > ago(lookbackTime)| summarize max(bin(TimeGenerated, bucketTimeSpan)));\\nCyberpionActionItems_CL\\n | where TimeGenerated > ago(lookbackTime) and is_open_b == true\\n | extend TimeGeneratedBucket = bin(TimeGenerated, bucketTimeSpan)\\n | where TimeGeneratedBucket == maxTimeGeneratedBucket\\n | summarize count() by solution_s\\n | render piechart\",\"size\":0,\"title\":\"Most Common Solutions\",\"queryType\":0,\"resourceType\":\"microsoft.operationalinsights/workspaces\"},\"customWidth\":\"50\",\"name\":\"most-common-solution\"},{\"type\":3,\"content\":{\"version\":\"KqlItem/1.0\",\"query\":\"let lookbackTime = 14d;\\nlet bucketTimeSpan = 1h;\\nlet maxTimeGeneratedBucket = toscalar(CyberpionActionItems_CL | where TimeGenerated > ago(lookbackTime)| summarize max(bin(TimeGenerated, bucketTimeSpan)));\\nCyberpionActionItems_CL\\n | where TimeGenerated > ago(lookbackTime) and is_open_b == true\\n | extend TimeGeneratedBucket = bin(TimeGenerated, bucketTimeSpan)\\n | where TimeGeneratedBucket == maxTimeGeneratedBucket\\n | extend Urgency = bin(urgency_d, 1)\\n | summarize count() by Urgency\\n | join kind=rightouter (range Urgency from 1.0 to 10.0 step 1) on Urgency\\n | project Urgency = Urgency1, Count = iff(isnotempty(count_), count_, 0)\\n | sort by Urgency asc\\n | extend Urgency = tostring(Urgency)\\n | render barchart\\n\\n\",\"size\":0,\"title\":\"Action Items Count by Urgency\",\"queryType\":0,\"resourceType\":\"microsoft.operationalinsights/workspaces\",\"visualization\":\"categoricalbar\",\"chartSettings\":{\"group\":\"\",\"createOtherGroup\":0,\"xSettings\":{\"numberFormatSettings\":{\"unit\":0,\"options\":{\"style\":\"decimal\",\"useGrouping\":true}}},\"ySettings\":{\"numberFormatSettings\":{\"unit\":0,\"options\":{\"style\":\"decimal\",\"useGrouping\":true}}}}},\"customWidth\":\"50\",\"name\":\"open-ai-urgency-bars\"}]},\"name\":\"current-ais\"},{\"type\":12,\"content\":{\"version\":\"NotebookGroup/1.0\",\"groupType\":\"editable\",\"title\":\"Historical Info\",\"expandable\":true,\"expanded\":true,\"items\":[{\"type\":9,\"content\":{\"version\":\"KqlParameterItem/1.0\",\"parameters\":[{\"id\":\"e8bb48b6-6706-48bd-b8a1-94de288bcb4c\",\"version\":\"KqlParameterItem/1.0\",\"name\":\"TimeRange\",\"type\":4,\"isRequired\":true,\"value\":{\"durationMs\":604800000},\"typeSettings\":{\"selectableValues\":[{\"durationMs\":1800000},{\"durationMs\":3600000},{\"durationMs\":14400000},{\"durationMs\":43200000},{\"durationMs\":86400000},{\"durationMs\":172800000},{\"durationMs\":259200000},{\"durationMs\":604800000},{\"durationMs\":1209600000},{\"durationMs\":2419200000},{\"durationMs\":2592000000},{\"durationMs\":5184000000},{\"durationMs\":7776000000}],\"allowCustom\":true},\"timeContext\":{\"durationMs\":86400000}}],\"style\":\"pills\",\"queryType\":0,\"resourceType\":\"microsoft.operationalinsights/workspaces\"},\"name\":\"parameters - 1\"},{\"type\":3,\"content\":{\"version\":\"KqlItem/1.0\",\"query\":\"let lookbackTime = now(-{TimeRange:seconds}s);\\nlet bucketTimeSpan = 1h;\\nCyberpionActionItems_CL\\n | where TimeGenerated > lookbackTime and is_open_b == true\\n | project id_s, TimeGenerated\\n | make-series count() default=long(null) on TimeGenerated from bin(lookbackTime, bucketTimeSpan) to now() step bucketTimeSpan\\n | extend open_action_items=series_fill_forward(count_, long(null))\\n | project TimeGenerated, open_action_items\\n | mv-expand TimeGenerated to typeof(datetime), open_action_items to typeof(int)\\n | where isnotnull(open_action_items)\\n | render timechart\",\"size\":0,\"aggregation\":5,\"title\":\"Open Action Items over time\",\"queryType\":0,\"resourceType\":\"microsoft.operationalinsights/workspaces\"},\"name\":\"action-items-over-time\"}]},\"name\":\"historical-data\"}],\"fromTemplateId\":\"sentinel-CyberpionOverviewWorkbook\",\"$schema\":\"https://github.com/Microsoft/Application-Insights-Workbooks/blob/master/schema/workbook.json\"}\n",
                "version": "1.0",
                "sourceId": "[variables('workspaceResourceId')]",
                "category": "sentinel"
              }
            },
            {
              "type": "Microsoft.OperationalInsights/workspaces/providers/metadata",
              "apiVersion": "2022-01-01-preview",
              "name": "[concat(parameters('workspace'),'/Microsoft.SecurityInsights/',concat('Workbook-', last(split(variables('workbookId1'),'/'))))]",
              "properties": {
                "description": ".description",
                "parentId": "[variables('workbookId1')]",
                "contentId": "[variables('_workbookContentId1')]",
                "kind": "Workbook",
                "version": "[variables('workbookVersion1')]",
                "source": {
                  "kind": "Solution",
                  "name": "IONIX",
                  "sourceId": "[variables('_solutionId')]"
                },
                "author": {
                  "name": "IONIX"
                },
                "support": {
                  "name": "IONIX",
                  "email": "support@ionix.io",
                  "tier": "Partner",
                  "link": "https://www.ionix.io/contact-us/"
                }
              }
            }
          ]
        },
        "packageKind": "Solution",
        "packageVersion": "[variables('_solutionVersion')]",
        "packageName": "[variables('_solutionName')]",
        "packageId": "[variables('_solutionId')]",
        "contentSchemaVersion": "3.0.0",
        "contentId": "[variables('_workbookContentId1')]",
        "contentKind": "Workbook",
        "displayName": "[parameters('workbook1-name')]",
        "contentProductId": "[variables('_workbookcontentProductId1')]",
        "id": "[variables('_workbookcontentProductId1')]",
        "version": "[variables('workbookVersion1')]"
      }
    },
    {
      "type": "Microsoft.OperationalInsights/workspaces/providers/contentPackages",
      "apiVersion": "2023-04-01-preview",
      "location": "[parameters('workspace-location')]",
      "properties": {
        "version": "3.0.0",
        "kind": "Solution",
        "contentSchemaVersion": "3.0.0",
        "displayName": "IONIX",
        "publisherDisplayName": "IONIX",
        "descriptionHtml": "<p><strong>Note:</strong> <em>There may be <a href=\"https://aka.ms/sentinelsolutionsknownissues\">known issues</a> pertaining to this Solution, please refer to them before installing.</em></p>\n<p>The <a href=\"https://ionix.io/\">IONIX</a> solution for Microsoft Sentinel enables you to ingest vulnerability logs from the IONIX platform into Microsoft Sentinel.</p>\n<p><strong>Underlying Microsoft Technologies used:</strong></p>\n<p>This solution is dependent on the following technologies, and some of these dependencies either may be in <a href=\"https://azure.microsoft.com/support/legal/preview-supplemental-terms/\">Preview</a> state or might result in additional ingestion or operational costs:</p>\n<ol type=\"a\">\n<li><a href=\"https://docs.microsoft.com/azure/sentinel/create-codeless-connector?tabs=deploy-via-arm-template%2Cconnect-via-the-azure-portal\">Codeless Connector Platform/Native Sentinel Polling</a></li>\n</ol>\n<p><strong>Data Connectors:</strong> 1, <strong>Workbooks:</strong> 1, <strong>Analytic Rules:</strong> 1</p>\n<p><a href=\"https://aka.ms/azuresentinel\">Learn more about Microsoft Sentinel</a> | <a href=\"https://aka.ms/azuresentinelsolutionsdoc\">Learn more about Solutions</a></p>\n",
        "contentKind": "Solution",
        "contentProductId": "[variables('_solutioncontentProductId')]",
        "id": "[variables('_solutioncontentProductId')]",
        "icon": "<img src=\"https://raw.githubusercontent.com/Azure/Azure-Sentinel/master/Logos/ionix-logo.svg\" width=\"75px\" height=\"75px\">",
        "contentId": "[variables('_solutionId')]",
        "parentId": "[variables('_solutionId')]",
        "source": {
          "kind": "Solution",
          "name": "IONIX",
          "sourceId": "[variables('_solutionId')]"
        },
        "author": {
          "name": "IONIX"
        },
        "support": {
          "name": "IONIX",
          "email": "support@ionix.io",
          "tier": "Partner",
          "link": "https://www.ionix.io/contact-us/"
        },
        "dependencies": {
          "operator": "AND",
          "criteria": [
            {
              "kind": "DataConnector",
              "contentId": "[variables('_dataConnectorContentId1')]",
              "version": "[variables('dataConnectorVersion1')]"
            },
            {
              "kind": "AnalyticsRule",
              "contentId": "[variables('analyticRulecontentId1')]",
              "version": "[variables('analyticRuleVersion1')]"
            },
            {
              "kind": "Workbook",
              "contentId": "[variables('_workbookContentId1')]",
              "version": "[variables('workbookVersion1')]"
            }
          ]
        },
        "firstPublishDate": "2022-05-02",
        "providers": [
          "IONIX"
        ],
        "categories": {
          "domains": [
            "Security - Threat Protection"
          ]
        }
      },
      "name": "[concat(parameters('workspace'),'/Microsoft.SecurityInsights/', variables('_solutionId'))]"
    }
  ],
  "outputs": {}
}
